Name,Line,Longitude,Latitude,Location,Zipcode,Neighbourhood
Astor Pl,4-6-6 Express,-73.99107,40.730054,"Astor Place, Lafayette Street, Manhattan Community Board 2, Manhattan, New York County, City of New York, New York, 10003, United States",10003,Manhattan Community Board 2
Canal St,4-6-6 Express,-74.000193,40.718803,"Canal Street (6,<6>), Lafayette Street, Manhattan Community Board 2, Manhattan, New York County, City of New York, New York, 10013, United States",10013,Manhattan Community Board 2
50th St,01-Feb,-73.983849,40.761728,"50th Street, Broadway, Manhattan Community Board 5, Manhattan, New York County, City of New York, New York, 10019, United States",10019,Manhattan Community Board 5
Bergen St,02/03/2004,-73.97499915,40.68086214,"Bergen Street, Flatbush Avenue, Prospect Heights, Brooklyn, Kings County, City of New York, New York, 11227, United States",11227,Prospect Heights
Pennsylvania Ave,03-Apr,-73.89488591,40.66471445,"Pennsylvania Avenue, Sheffield Avenue, New Lots, Brooklyn, Kings County, City of New York, New York, 11207, United States",11207,New Lots
238th St,1,-73.90087,40.884667,"5805, Broadway, Kingsbridge, Bronx County, The Bronx, City of New York, New York, 10463, United States",10463,Kingsbridge
Cathedral Pkwy (110th St),A-B-C,-73.95806671,40.80058156,"110th Street, Frederick Douglass Circle, Harlem, Manhattan, New York County, City of New York, New York, 10026, United States",10026,
Kingston - Throop Aves,A-C,-73.940859,40.679919,"Kingston-Throop Avenues, Fulton Street, Bedford-Stuyvesant, Brooklyn, Kings County, City of New York, New York, 11207, United States",11207,Bedford-Stuyvesant
65th St,E-M-R,-73.89878838,40.74971953,"65th Street (M,R), 65th Street, Woodside, Queens, City of New York, New York, 11377, United States",11377,Woodside
36th St,E-M-R,-73.92901818,40.75196004,"Steinway Street (M,R), Northern Boulevard, Queens, City of New York, New York, 11101, United States",11101,
Delancey St - Essex St,J-M-Z,-73.9874094,40.71830606,"Delancey Street–Essex Street, Norfolk Street, Manhattan Community Board 3, Manhattan, New York County, City of New York, New York, 10002, United States",10002,Manhattan Community Board 3
Van Siclen Ave,J-Z,-73.89165773,40.67802821,"2788, Fulton Street, Cypress Hills, Brooklyn, Kings County, City of New York, New York, 11207, United States",11207,Cypress Hills
Norwood Ave,J-Z,-73.879626,40.68152,"3124, Fulton Street, Cypress Hills, Brooklyn, Kings County, City of New York, New York, 11208, United States",11208,Cypress Hills
104th-102nd Sts,J-Z,-73.844435,40.695166,"102-26, Jamaica Avenue, Brooklyn Manor, Queens, City of New York, New York, 11418, United States",11418,Brooklyn Manor
DeKalb Ave,B-D-N-Q-R,-73.98177094,40.69064812,"Flatbush Avenue Extension, Downtown Brooklyn, Kings County, City of New York, New York, 11227, United States",11227,Downtown Brooklyn
Beach 105th St,A-S,-73.82758075,40.58326844,"Beach 105th Street, Beach 106th Street, Seaside, Queens, City of New York, New York, 11694, United States",11694,Seaside
Beach 90th St,A-S,-73.8136514,40.58809156,"A Train Beach 90th Street, Rockaway Freeway, Hammels, Queens, City of New York, New York, 11693, United States",11693,Hammels
Freeman St,02-May,-73.89175225,40.82998745,"Freeman Street, Southern Boulevard, Charlotte Gardens, Bronx County, The Bronx, City of New York, New York, 10458, United States",10458,Charlotte Gardens
Intervale Ave,02-May,-73.89661738,40.82214213,"Intervale Avenue, Westchester Avenue, Bronx County, The Bronx, City of New York, New York, 10459, United States",10459,Bronx County
182nd-183rd Sts,B-D,-73.900741,40.856093,"182nd–183rd Streets, Grand Concourse, Fordham, Bronx County, The Bronx, City of New York, New York, 10457, United States",10457,Fordham
174th-175th Sts,B-D,-73.910136,40.8459,"174th–175th Streets, Grand Concourse, Tremont, Bronx County, The Bronx, City of New York, New York, 10453, United States",10453,Tremont
167th St,B-D,-73.918432,40.833769,"167th Street, Grand Concourse, High Bridge, Bronx County, The Bronx, City of New York, New York, 10452, United States",10452,High Bridge
Mets - Willets Point,7-7 Express,-73.845625,40.754622,"Mets-Willets Point, Roosevelt Avenue, Queens, City of New York, New York, 11368, United States",11368,
Junction Blvd,7-7 Express,-73.869527,40.749145,"Junction Boulevard, Roosevelt Avenue, Corona, Queens, City of New York, New York, 11368, United States",11368,Corona
Flushing - Main St,7-7 Express,-73.83003,40.7596,"39-15, Roosevelt Avenue, Flushing Chinatown, Queens, City of New York, New York, 11354, United States",11354,Flushing Chinatown
Buhre Ave,6-6 Express,-73.832569,40.84681,"2941, Westchester Avenue, Pelham Bay, Bronx County, The Bronx, City of New York, New York, 10461, United States",10461,Pelham Bay
3rd Ave - 138th St,6-6 Express,-73.926138,40.810476,"3rd Avenue–138th Street, East 138th Street, Mott Haven, Bronx County, The Bronx, City of New York, New York, 10454, United States",10454,Mott Haven
Castle Hill Ave,6-6 Express,-73.851222,40.834255,"Castle Hill Avenue, Westchester Avenue, Bronx County, The Bronx, City of New York, New York, 10461, United States",10461,Bronx County
Brooklyn Bridge - City Hall,4-5-6-6 Express,-74.004131,40.713065,"David N. Dinkins Manhattan Municipal Building, 1, Centre Street, Lower Manhattan, Manhattan Community Board 1, Manhattan, New York County, City of New York, New York, 10007, United States",10007,Manhattan Community Board 1
Zerega Ave,6-6 Express,-73.847036,40.836488,"Zerega Avenue, Westchester Avenue, Bronx County, The Bronx, City of New York, New York, 10461, United States",10461,Bronx County
Grand Central - 42nd St,4-5-6-6 Express,-73.9767133,40.75180743,"42nd Street-Grand Central, Park Avenue, Manhattan Community Board 5, Manhattan, New York County, City of New York, New York, 10037, United States",10037,Manhattan Community Board 5
33rd St,4-6-6 Express,-73.982076,40.746081,"Pret A Manger, 2, Park Avenue, Manhattan Community Board 5, Manhattan, New York County, City of New York, New York, 10016, United States",10016,Manhattan Community Board 5
96th St,4-6-6 Express,-73.95107,40.785672,"96th Street, Lexington Avenue, Manhattan Community Board 8, Manhattan, New York County, City of New York, New York, 10035, United States",10035,Manhattan Community Board 8
77th St,4-6-6 Express,-73.959874,40.77362,"USPS, Lexington Avenue, Manhattan Community Board 8, Manhattan, New York County, City of New York, New York, 10035, United States",10035,Manhattan Community Board 8
Chauncey St,J-Z,-73.91038357,40.6828513,"1760, Broadway, Ocean Hill, Brooklyn, Kings County, City of New York, New York, 11233, United States",11233,Ocean Hill
Union St,D-N-R,-73.98311,40.67731567,"Union Street, 4th Avenue, Gowanus, Brooklyn, Kings County, City of New York, New York, 11217, United States",11217,Gowanus
Elmhurst Ave,E-M-R,-73.88203475,40.74237008,"Elmhurst Avenue (M,R), Broadway, Elmhurst, Queens, City of New York, New York, 11373, United States",11373,
Ralph Ave,A-C,-73.920786,40.678822,"1895, Fulton Street, Ocean Hill, Brooklyn, Kings County, City of New York, New York, 11233, United States",11233,Ocean Hill
Pelham Pkwy,02-May,-73.86748068,40.85719241,"Pelham Parkway, Bronx and Pelham Parkway, Morris Park, Bronx County, The Bronx, City of New York, New York, 10462, United States",10462,Morris Park
Gun Hill Rd,02-May,-73.86613411,40.87783939,"Gun Hill Road Station House, White Plains Road, Williams Bridge, Bronx County, The Bronx, City of New York, New York, 10467, United States",10467,Williams Bridge
Nereid Ave (238 St),02-May,-73.85431531,40.89828652,"Nereid Avenue, Wakefield, Bronx County, The Bronx, City of New York, New York, 10466, United States",10466,Wakefield
Franklin Ave,2-3-4-5,-73.95809974,40.67076515,"Franklin Avenue, Eastern Parkway South Mall, Brooklyn, Kings County, City of New York, New York, 11225, United States",11225,
Simpson St,02-May,-73.8930664,40.82397684,"Simpson Street, Westchester Avenue, Bronx County, The Bronx, City of New York, New York, 10459, United States",10459,Bronx County
Bronx Park East,02-May,-73.86835609,40.84876867,"Bronx Park East, Amethyst Street, Van Nest, Bronx County, The Bronx, City of New York, New York, 10462, United States",10462,Van Nest
Winthrop St,02-May,-73.95007935,40.65665931,"Winthrop Street, Flatbush, Brooklyn, Kings County, City of New York, New York, 11203, United States",11203,
Van Siclen Ave,03-Apr,-73.88940492,40.66551796,"Van Siclen Avenue, Livonia Avenue, East New York, Brooklyn, Kings County, City of New York, New York, 11207, United States",11207,
149th St - Grand Concourse,4,-73.92738475,40.81830344,"149th Street-Grand Concourse, East 149th Street, Bronx County, The Bronx, City of New York, New York, 10451, United States",10451,Bronx County
161st St - Yankee Stadium,4,-73.925692,40.82823033,"880D, River Avenue, High Bridge, Bronx County, The Bronx, City of New York, New York, 10452, United States",10452,High Bridge
Lexington Ave - 59th St,4-5-6-6 Express,-73.967967,40.762526,"GCT-5, Lexington Avenue, Manhattan Community Board 8, Manhattan, New York County, City of New York, New York, 10035, United States",10035,Manhattan Community Board 8
E 149th St,6,-73.904098,40.812118,"Longwood Avenue, Southern Boulevard, Bronx County, The Bronx, City of New York, New York, 10458, United States",10458,Bronx County
Morrison Av - Soundview,6,-73.874516,40.829521,"Westchester Avenue & Morrison Avenue, Westchester Avenue, Bronx County, The Bronx, City of New York, New York, 10472, United States",10472,Bronx County
Whitlock Ave,6,-73.886283,40.826525,"Whitlock Avenue, Bronx County, The Bronx, City of New York, New York, 10459, United States",10459,Bronx County
St Lawrence Ave,6,-73.867618,40.831509,"1767, Westchester Avenue, Bronx County, The Bronx, City of New York, New York, 10472, United States",10472,Bronx County
Woodside - 61st St,7-7 Express,-73.902984,40.74563,"61st Street-Woodside, Roosevelt Avenue, Woodside, Queens, City of New York, New York, 11377, United States",11377,Woodside
Far Rockaway - Mott Ave,A,-73.755405,40.603995,"11-10 1/2, Beach Channel Drive, Far Rockaway, Queens, City of New York, New York, 11691, United States",11691,
72nd St,A-B-C,-73.97633658,40.7755194,"The Majestic, 115, Central Park West, Manhattan Community Board 7, Manhattan, New York County, City of New York, New York, 10023, United States",10023,Manhattan Community Board 7
96th St,A-B-C,-73.96460246,40.7916188,"97th Street Transverse, Manhattan, New York County, City of New York, New York, 10025, United States",10025,
168th St,A-C,-73.939561,40.840719,"Columbia University Irving Medical Center, 630, West 168th Street, Manhattan Community Board 12, Manhattan, New York County, City of New York, New York, 10031, United States",10031,Manhattan Community Board 12
Kingsbridge Rd,B-D,-73.893509,40.866978,"Kingsbridge Road, Grand Concourse, Bedford Park, Bronx County, The Bronx, City of New York, New York, 10468, United States",10468,Bedford Park
42nd St - Bryant Pk,B-D-F-M,-73.984591,40.754184,"42nd Street–Bryant Park, 6th Avenue, Manhattan Community Board 5, Manhattan, New York County, City of New York, New York, 10019, United States",10019,Manhattan Community Board 5
Prospect Park,B-Q-S,-73.9620313,40.66163346,"510, Flatbush Avenue, Brooklyn, Kings County, City of New York, New York, 11225, United States",11225,
55th St,D,-73.99534883,40.63147876,"55th Street, New Utrecht Avenue, Borough Park, Brooklyn, Kings County, City of New York, New York, 11214, United States",11214,Borough Park
Jamaica - Van Wyck,E,-73.81701287,40.70289855,"Jamaica-Van Wyck (F), Kew Gardens Road, Queens, City of New York, New York, 11418, United States",11418,
Kew Gardens - Union Tpke,E-F,-73.83037027,40.71403482,"Kew Gardens-Union Turnpike (E,F), Union Turnpike, Kew Gardens, Queens, City of New York, New York, 11415, United States",11415,Kew Gardens
Sutphin Blvd - Archer Av,E-J-Z,-73.80800472,40.70038242,"Long Island Rail Road, Archer Avenue, Jamaica, Queens, City of New York, New York, 11435, United States",11435,
Court Sq - 23rd St,E-M,-73.9460547,40.74776812,"Court Square, 44th Drive, Court Square, Queens, City of New York, New York, 11101, United States",11101,Court Square
67th Ave,E-M-R,-73.85286048,40.72650548,"67th Avenue (M,R), Queens Boulevard, Queens, City of New York, New York, 11374, United States",11374,
Grand Ave - Newtown,E-M-R,-73.87722086,40.73681342,"Grand Avenue-Newtown (M,R), Grand Avenue, Elmhurst, Queens, City of New York, New York, 11373, United States",11373,
Ditmas Ave,F,-73.978172,40.63611867,"Ditmas Avenue, McDonald Avenue, Parkville, Brooklyn, Kings County, City of New York, New York, 11223, United States",11223,Parkville
Classon Ave,G,-73.95999,40.688889,"USPS, Lafayette Avenue, Clinton Hill, Brooklyn, Kings County, City of New York, New York, 11221, United States",11221,Clinton Hill
Broadway,G,-73.95031226,40.70612658,"Broadway, Union Avenue, Brooklyn, Kings County, City of New York, New York, 11211, United States",11211,
Lorimer St,L,-73.950248,40.714072,"Metropolitan Avenue–Lorimer Street, Ainslie Street, Williamsburg, Brooklyn, Kings County, City of New York, New York, 11211, United States",11211,
Sutter Ave,L,-73.901916,40.669145,"Sutter Avenue, Van Sinderen Avenue, Broadway Junction, Brooklyn, Kings County, City of New York, New York, 11207, United States",11207,Broadway Junction
Wilson Ave,L,-73.9039586,40.68886654,"242, Moffat Street, Brooklyn, Kings County, City of New York, New York, 11207, United States",11207,
Halsey St,J,-73.91663888,40.68641527,"Key Food, 1533, Broadway, Brooklyn, Kings County, City of New York, New York, 11221, United States",11221,
Lorimer St,J-M,-73.947355,40.703844,"Lorimer Street, Broadway, Brooklyn, Kings County, City of New York, New York, 11207, United States",11207,
8th Ave,N,-74.011516,40.634971,"746, 61st Street, Dyker Heights, Kings County, City of New York, New York, 11220, United States",11220,Dyker Heights
36th Ave,N-W,-73.929862,40.756442,"36th Avenue, 31st Street, Ravenswood, Queens, City of New York, New York, 11101, United States",11101,Ravenswood
Broadway,N-W,-73.925823,40.761432,"Citi Bike - 31 St & Broadway, 31st Street, Queens, City of New York, New York, 11101, United States",11101,
Times Sq - 42nd St,N-Q-R-W,-73.986768,40.754612,"Times Square–42nd Street/Port Authority Bus Terminal, Shubert Alley, Theater District, Manhattan, New York County, City of New York, New York, 10036, United States",10036,Theater District
Grand Central - 42nd St,S,-73.979189,40.75276867,"Grand Central, East 42nd Street, Midtown East, Manhattan, New York County, City of New York, New York, 10017, United States",10017,Midtown East
Park Pl,S,-73.957624,40.67477167,"Park Place, Brooklyn, Kings County, City of New York, New York, 11233, United States",11233,
111th St,A-S,-73.832163,40.684331,"111th Street, Liberty Avenue, Ozone Park, Queens, City of New York, New York, 11419, United States",11419,Ozone Park
W 4th St - Washington Sq (Lower),B-D-F-M,-74.00030815,40.73225449,"Citi Bike - Washington Pl & 6 Ave, West Washington Place, Manhattan Community Board 2, Manhattan, New York County, City of New York, New York, 10011, United States",10011,Manhattan Community Board 2
51st St,4-6-6 Express,-73.97192,40.757107,"Doubletree by Hilton Hotel Metropolitan, 569, Lexington Avenue, Manhattan Community Board 6, Manhattan, New York County, City of New York, New York, 10022, United States",10022,Manhattan Community Board 6
86th St,01-Feb,-73.976218,40.788644,"86th Street, West 87th Street, Manhattan Community Board 7, Manhattan, New York County, City of New York, New York, 10024, United States",10024,Manhattan Community Board 7
233rd St,02-May,-73.8573624,40.89314324,"233rd Street, East 233rd Street, Wakefield, Bronx County, The Bronx, City of New York, New York, 10466, United States",10466,Wakefield
66th St - Lincoln Ctr,01-Feb,-73.982209,40.77344,"66th Street - Lincoln Center, Columbus Avenue, Manhattan Community Board 7, Manhattan, New York County, City of New York, New York, 10025, United States",10025,Manhattan Community Board 7
Hunts Point Ave,6-6 Express,-73.890549,40.820948,"Hunts Point Avenue, East 163rd Street, Bronx County, The Bronx, City of New York, New York, 10459, United States",10459,Bronx County
Canal St,01-Feb,-74.006277,40.722854,"Varick Street, Hudson Square, Manhattan, New York County, City of New York, New York, 10014, United States",10014,Hudson Square
Middletown Rd,6-6 Express,-73.836322,40.843863,"Middletown Road, Westchester Avenue, Pelham Bay, Bronx County, The Bronx, City of New York, New York, 10461, United States",10461,Pelham Bay
23rd St,4-6-6 Express,-73.986599,40.739864,"304, Park Avenue South, Manhattan Community Board 5, Manhattan, New York County, City of New York, New York, 10010, United States",10010,Manhattan Community Board 5
Court Sq,7-7 Express,-73.945264,40.747023,"44-78, 23rd Street, Court Square, Queens, City of New York, New York, 11101, United States",11101,Court Square
59th St - Columbus Circle,01-Feb,-73.981929,40.768247,"59th Street–Columbus Circle, West 57th Street, Manhattan Community Board 4, Manhattan, New York County, City of New York, New York, 10019, United States",10019,Manhattan Community Board 4
Hunters Point Ave,7-7 Express,-73.948916,40.742216,"21-02, 49th Avenue, Long Island City, Queens, City of New York, New York, 11101, United States",11101,
23rd St,01-Feb,-73.995657,40.744081,"23rd Street, 7th Avenue, Chelsea, Manhattan, New York County, City of New York, New York, 10011, United States",10011,Chelsea
Houston St,01-Feb,-74.005367,40.728251,"Federal Building, 201, Varick Street, University Village, Hudson Square, Manhattan, New York County, City of New York, New York, 10014, United States",10014,Hudson Square
104th St,A-S,-73.837683,40.681711,"104th Street, Liberty Avenue, Ozone Park, Queens, City of New York, New York, 11419, United States",11419,Ozone Park
Broad Channel,A-S,-73.81583269,40.60840218,"Broad Channel, Noel Road, Broad Channel, Queens, City of New York, New York, 11693, United States",11693,Broad Channel
Ocean Pkwy,Q,-73.968501,40.57631167,"Ocean Parkway, Brighton Beach, Kings County, City of New York, New York, 11224, United States",11224,Brighton Beach
Vernon Blvd - Jackson Ave,7-7 Express,-73.953581,40.742626,"10-04, 50th Avenue, Long Island City, Queens, City of New York, New York, 11101, United States",11101,
68th St - Hunter College,4-6-6 Express,-73.96387,40.768141,"930, Lexington Avenue, Manhattan Community Board 8, Manhattan, New York County, City of New York, New York, 10037, United States",10037,Manhattan Community Board 8
Queensboro Plz,7-7 Express-N-W,-73.94016354,40.75063565,"Queensboro Plaza, Queens Plaza Greenway, Queensbridge, Queens, City of New York, New York, 11101, United States",11101,Queensbridge
Rockaway Blvd,A-S,-73.843853,40.680429,"Rockaway Boulevard, Liberty Avenue, Ozone Park, Queens, City of New York, New York, 11419, United States",11419,Ozone Park
Union Sq - 14th St,4-5-6-6 Express,-73.989951,40.734673,"14th Street–Union Square, Union Square East, Manhattan Community Board 5, Manhattan, New York County, City of New York, New York, 10003, United States",10003,Manhattan Community Board 5
Bedford - Nostrand Aves,G,-73.953522,40.689627,"Bedford–Nostrand Avenues, Lafayette Avenue, Clinton Hill, Brooklyn, Kings County, City of New York, New York, 11221, United States",11221,Clinton Hill
15th St - Prospect Park,F-G,-73.97973581,40.66003569,"15th Street-Prospect Park (F,G), Prospect Park West Bike Path, Brooklyn, Kings County, City of New York, New York, 11215, United States",11215,
7th Ave,F-G,-73.98025118,40.66624469,"7th Avenue, 9th Street, Brooklyn, Kings County, City of New York, New York, 11215, United States",11215,
Ft Hamilton Pkwy,F-G,-73.975776,40.65078167,"Fort Hamilton Parkway, Prospect Avenue, Brooklyn, Kings County, City of New York, New York, 11218, United States",11218,
Church Ave,F-G,-73.97972116,40.644272,"Church Avenue (F,G), McDonald Avenue, Brooklyn, Kings County, City of New York, New York, 11223, United States",11223,
Beverly Rd,Q,-73.9643578,40.6439046,"276, East 16th Street, Brooklyn, Kings County, City of New York, New York, 11226, United States",11226,
Church Ave,B-Q,-73.96288246,40.65049325,"130, Saint Pauls Place, Flatbush, Brooklyn, Kings County, City of New York, New York, 11226, United States",11226,
Newkirk Ave,B-Q,-73.96269487,40.63514194,"Newkirk Plaza, Brooklyn, Kings County, City of New York, New York, 11226, United States",11226,
Parkside Ave,Q,-73.96145344,40.65507304,"Parkside Avenue & Ocean Avenue, Parkside Avenue, Flatbush, Brooklyn, Kings County, City of New York, New York, 11226, United States",11226,
Grand Army Plaza,02/03/2004,-73.97095633,40.6752947,"10, Plaza Street East, Prospect Heights, Brooklyn, Kings County, City of New York, New York, 11238, United States",11238,Prospect Heights
Atlantic Av - Barclay's Center,2-3-4-5,-73.97754994,40.68442017,"Atlantic Avenue - Barclays Center (2,3), Flatbush Avenue, Brooklyn, Kings County, City of New York, New York, 11227, United States",11227,
Rockaway Ave,A-C,-73.911946,40.67834,"Rockaway Avenue, Fulton Street, Ocean Hill, Brooklyn, Kings County, City of New York, New York, 11207, United States",11207,Ocean Hill
Fulton St,G,-73.975375,40.687119,"Fulton Street, Lafayette Avenue, Brooklyn, Kings County, City of New York, New York, 11221, United States",11221,
Clinton - Washington Aves,G,-73.966796,40.688094,"Clinton–Washington Avenues, Lafayette Avenue, Brooklyn, Kings County, City of New York, New York, 11221, United States",11221,
7th Ave,B-Q,-73.97285279,40.67710218,"155, Sterling Place, Brooklyn, Kings County, City of New York, New York, 11217, United States",11217,
Atlantic Av - Barclay's Center,B-Q,-73.97678344,40.68448832,"Atlantic Terminal, 139, Flatbush Avenue, Brooklyn, Kings County, City of New York, New York, 11217, United States",11217,
Atlantic Av - Barclay's Center,D-N-Q-R,-73.97881,40.68366567,"Atlantic Avenue–Barclays Center, 4th Avenue, Brooklyn, Kings County, City of New York, New York, 11209, United States",11209,
Borough Hall,04-May,-73.990151,40.692404,"Borough Hall (4,5), Joralemon Street, Brooklyn, Kings County, City of New York, New York, 11207, United States",11207,
Aqueduct Racetrack,A,-73.835919,40.672097,"Aqueduct Racetrack, Aqueduct Road, Ozone Park, Queens, City of New York, New York, 11417, United States",11417,Ozone Park
Morris Park,5,-73.860495,40.854364,"Morris Park, Colden Avenue, Van Nest, Bronx County, The Bronx, City of New York, New York, 10462, United States",10462,Van Nest
Pelham Pkwy,5,-73.855359,40.858985,"Pelham Parkway, Esplanade, Morris Park, Bronx County, The Bronx, City of New York, New York, 10469, United States",10469,Morris Park
Nostrand Ave,A-C,-73.950426,40.680438,"Nostrand Avenue, Fulton Street, Bedford-Stuyvesant, Brooklyn, Kings County, City of New York, New York, 11207, United States",11207,Bedford-Stuyvesant
Nevins St,2-3-4-5,-73.9804068,40.68831058,"Nevins Street, Hudson Avenue, Brooklyn, Kings County, City of New York, New York, 11201, United States",11201,
Eastern Pkwy - Bklyn Museum,02/03/2004,-73.96422204,40.67203224,"Canarsie Medical Health, 135, Eastern Parkway, Prospect Heights, Brooklyn, Kings County, City of New York, New York, 11238, United States",11238,Prospect Heights
Beverly Rd,02-May,-73.94884798,40.64512352,"Beverly Road, Beverley Road, Brooklyn Community District 17, Brooklyn, Kings County, City of New York, New York, 11203, United States",11203,
Church Ave,02-May,-73.94945514,40.65086069,"Church Avenue, Brooklyn Community District 17, Brooklyn, Kings County, City of New York, New York, 11203, United States",11203,
Newkirk Ave,02-May,-73.94829991,40.63999124,"Newkirk Avenue, Brooklyn Community District 17, Brooklyn, Kings County, City of New York, New York, 11226, United States",11226,
Brooklyn College - Flatbush Ave,02-May,-73.94754121,40.63284241,"Flatbush Avenue-Brooklyn College, Nostrand Avenue, Brooklyn, Kings County, City of New York, New York, 11235, United States",11235,
Sterling St,02-May,-73.95072891,40.66277299,"Sterling Street, Crown Heights, Brooklyn, Kings County, City of New York, New York, 11225, United States",11225,Crown Heights
Crown Hts - Utica Ave,03-Apr,-73.93293256,40.66897831,"Crown Heights-Utica Avenue, Eastern Parkway, Brooklyn, Kings County, City of New York, New York, 11213, United States",11213,Eastern Parkway
Kingston Ave,03-Apr,-73.94215978,40.66948145,"Kingston Avenue, Crown Heights, Brooklyn, Kings County, City of New York, New York, 11225, United States",11225,Crown Heights
Nassau Ave,G,-73.951183,40.72448,"Nassau Avenue (G), Manhattan Avenue, Greenpoint, Brooklyn, Kings County, City of New York, New York, 11222, United States",11222,Greenpoint
Greenpoint Ave,G,-73.954425,40.731267,"Greenpoint Avenue (G), Manhattan Avenue, Brooklyn, Kings County, City of New York, New York, 11222, United States",11222,
Marcy Ave,J-M-Z,-73.957832,40.708383,"299, Broadway, Williamsburg, Brooklyn, Kings County, City of New York, New York, 11211, United States",11211,
Hewes St,J-M,-73.953488,40.70689,"417, Broadway, Brooklyn, Kings County, City of New York, New York, 11211, United States",11211,
138th St - Grand Concourse,04-May,-73.929849,40.813224,"138th Street-Grand Concourse, Grand Concourse, Mott Haven, Bronx County, The Bronx, City of New York, New York, 10451, United States",10451,Mott Haven
5th Ave - 53rd St,E-M,-73.97524851,40.76008683,"Harper & Row Building, 10, East 53rd Street, Manhattan Community Board 5, Manhattan, New York County, City of New York, New York, 10022, United States",10022,Manhattan Community Board 5
Lexington Ave - 53rd St,E-M,-73.96907237,40.75746831,"875 Third, 875, 3rd Avenue, Manhattan Community Board 6, Manhattan, New York County, City of New York, New York, 10035, United States",10035,Manhattan Community Board 6
28th St,N-Q-R-W,-73.988698,40.745454,"28th Street, Broadway, Manhattan Community Board 5, Manhattan, New York County, City of New York, New York, 10001, United States",10001,Manhattan Community Board 5
Herald Sq - 34th St,N-Q-R-W,-73.98793683,40.74964456,"34th Street–Herald Square, West 34th Street, Herald Square, Manhattan, New York County, City of New York, New York, 10001, United States",10001,Herald Square
1st Ave,L,-73.98168087,40.73097498,"418, East 14th Street, Manhattan Community Board 3, Manhattan, New York County, City of New York, New York, 10009, United States",10009,Manhattan Community Board 3
Times Sq - 42nd St,S,-73.986229,40.755983,"4 Times Square, 4, Times Square, Manhattan, New York County, City of New York, New York, 10036, United States",10036,
Metropolitan Ave,G,-73.951424,40.712774,"Metropolitan Avenue–Lorimer Street, Ainslie Street, Williamsburg, Brooklyn, Kings County, City of New York, New York, 11211, United States",11211,
Grand St,L,-73.940497,40.711576,"110, Bushwick Avenue, Brooklyn, Kings County, City of New York, New York, 11206, United States",11206,
Graham Ave,L,-73.943944,40.714576,"751, Metropolitan Avenue, Brooklyn, Kings County, City of New York, New York, 11211, United States",11211,
Bedford Ave,L,-73.956665,40.717174,"Bedford Avenue, Driggs Avenue, Williamsburg, Brooklyn, Kings County, City of New York, New York, 11211, United States",11211,
Montrose Ave,L,-73.93979285,40.70739106,"Montrose Avenue, Bushwick Avenue, Brooklyn, Kings County, City of New York, New York, 11207, United States",11207,
Long Island City - Court Sq,G,-73.9438156,40.74630503,"4, Court Square, Queens, City of New York, New York, 11101, United States",11101,Court Square
21st St,G,-73.9496,40.74412867,"21st Street (G), 48th Avenue, Long Island City, Queens, City of New York, New York, 11109, United States",11109,
39th Ave,N-W,-73.93285138,40.75276306,"38-34, 31st Street, Queens, City of New York, New York, 11101, United States",11101,
145th St,1,-73.95036,40.826551,"145th Street, Broadway, Manhattan Community Board 9, Manhattan, New York County, City of New York, New York, 10031, United States",10031,Manhattan Community Board 9
157th St,1,-73.94489,40.834041,"157th Street, Edward M. Morgan Place, Manhattan Community Board 12, Manhattan, New York County, City of New York, New York, 10032, United States",10032,Manhattan Community Board 12
96th St,01/02/2003,-73.972323,40.793919,"96th Street, Broadway, Manhattan Community Board 7, Manhattan, New York County, City of New York, New York, 10025, United States",10025,Manhattan Community Board 7
103rd St,1,-73.968379,40.799446,"103rd Street, West 104th Street, Bloomingdale, Manhattan Community Board 7, Manhattan, New York County, City of New York, New York, 10025, United States",10025,Bloomingdale
Central Park North (110th St),02-Mar,-73.951822,40.799075,"110th Street, West 111th Street, Manhattan Community Board 10, Manhattan, New York County, City of New York, New York, 10026, United States",10026,Manhattan Community Board 10
103rd St,A-B-C,-73.96137008,40.79606074,"Central Park West & West 102nd Street, Central Park Outer Loop, Manhattan, New York County, City of New York, New York, 10025, United States",10025,
72nd St,01/02/2003,-73.98197,40.778453,"Control House on 72nd Street, Broadway, Upper West Side, Manhattan, New York County, City of New York, New York, 10023, United States",10023,
81st St,A-B-C,-73.97209795,40.78134608,"Central Park Outer Loop, Manhattan, New York County, City of New York, New York, 10024, United States",10024,
75th Ave,E-F,-73.83692369,40.71804465,"111-06, Queens Boulevard, Kew Gardens, Queens, City of New York, New York, 11375, United States",11375,Kew Gardens
86th St,A-B-C,-73.96882849,40.78582305,"Central Park West & West 86th Street, Central Park Outer Loop, Manhattan, New York County, City of New York, New York, 10024, United States",10024,
Cathedral Pkwy (110th St),1,-73.966847,40.803967,"110th Street-Cathedral Parkway, West 109th Street, Bloomingdale, Upper West Side, Manhattan, New York County, City of New York, New York, 10025, United States",10025,Bloomingdale
116th St - Columbia University,1,-73.96411,40.807722,"116th Street-Columbia University, Broadway, Manhattan Community Board 9, Manhattan, New York County, City of New York, New York, 10115, United States",10115,Manhattan Community Board 9
125th St,02-Mar,-73.945495,40.807754,"135th Street, West 125th Street, Manhattan Community Board 10, Manhattan, New York County, City of New York, New York, 10027, United States",10027,Manhattan Community Board 10
135th St,02-Mar,-73.94077,40.814229,"135th Street, West 135th Street, Harlem, Manhattan, New York County, City of New York, New York, 10030, United States",10030,
116th St,02-Mar,-73.949625,40.802098,"Lenox Avenue & 116th Street at Northeast Corner, Malcolm X Boulevard, Manhattan Community Board 10, Manhattan, New York County, City of New York, New York, 10037, United States",10037,Manhattan Community Board 10
Tremont Ave,B-D,-73.905227,40.85041,"Tremont Avenue, Grand Concourse, Tremont, Bronx County, The Bronx, City of New York, New York, 10453, United States",10453,Tremont
137th St - City College,1,-73.953676,40.822008,"137th Street-City College, West 138th Street, Manhattan Community Board 9, Manhattan, New York County, City of New York, New York, 10031, United States",10031,Manhattan Community Board 9
145th St,3,-73.936245,40.820421,"Lenox Avenue & 145th Street at Southeast Corner, Malcolm X Boulevard, Harlem, Manhattan, New York County, City of New York, New York, 10037, United States",10037,
176th St,4,-73.911794,40.84848,"176th Street, Jerome Avenue, Tremont, Bronx County, The Bronx, City of New York, New York, 10468, United States",10468,Tremont
Burnside Ave,4,-73.907684,40.853453,"Burnside Avenue, West Burnside Avenue, Tremont, Bronx County, The Bronx, City of New York, New York, 10453, United States",10453,Tremont
170th St,B-D,-73.9134,40.839306,"Grand Concourse, Bronx County, The Bronx, City of New York, New York, 10452, United States",10452,Bronx County
168th St,1,-73.940133,40.840556,"Columbia University Irving Medical Center, 630, West 168th Street, Manhattan Community Board 12, Manhattan, New York County, City of New York, New York, 10031, United States",10031,Manhattan Community Board 12
181st St,1,-73.933596,40.849505,"1421, Saint Nicholas Avenue, Fort George, Manhattan, New York County, City of New York, New York, 10033, United States",10033,Fort George
191st St,1,-73.929412,40.855225,"191st Street, Saint Nicholas Avenue, Manhattan Community Board 12, Manhattan, New York County, City of New York, New York, 10040, United States",10040,Manhattan Community Board 12
175th St,A,-73.939704,40.847391,"175th Street, Fort Washington Avenue, Manhattan Community Board 12, Manhattan, New York County, City of New York, New York, 10033, United States",10033,Manhattan Community Board 12
Beach 44th St,A,-73.776013,40.592943,"Beach 44th Street, Edgemere Avenue, Edgemere, Queens, City of New York, New York, 11692, United States",11692,Edgemere
Beach 60th St,A,-73.788522,40.592374,"Beach 60th Street, Rockaway Freeway, Arverne, Queens, City of New York, New York, 11692, United States",11692,
Beach 98th St,A-S,-73.82052059,40.58538569,"Beach 98th Street, Beach 100th Street, Rockaway Beach, Queens, City of New York, New York, 11694, United States",11694,Rockaway Beach
Rockaway Park - Beach 116 St,A-S,-73.83559009,40.58095587,"Rockaway Park-Beach 116th Street, Rockaway Beach Boulevard, Rockaway Park, Queens, City of New York, New York, 11694, United States",11694,
Beach 36th St,A,-73.768175,40.595398,"Beach 36th Street, Edgemere Avenue, Edgemere, Queens, City of New York, New York, 11692, United States",11692,Edgemere
Beach 25th St,A,-73.761353,40.600066,"Beach 25th Street, Rockaway Freeway, Edgemere, Queens, City of New York, New York, 11691, United States",11691,Edgemere
Parsons Blvd,F,-73.803289,40.707572,"Parsons Boulevard, Hillside Avenue, Jamaica, Queens, City of New York, New York, 11427, United States",11427,
169th St,F,-73.7934742,40.7105175,"169th Street, Hillside Avenue, Hillside, Queens, City of New York, New York, 11427, United States",11427,Hillside
103rd St - Corona Plaza,7,-73.8627,40.749865,"103rd Street–Corona Plaza, Roosevelt Avenue, Corona, Queens, City of New York, New York, 11368, United States",11368,Corona
111th St,7,-73.855334,40.75173,"111st Street, Roosevelt Avenue, Corona, Queens, City of New York, New York, 11368, United States",11368,Corona
63rd Dr - Rego Park,E-M-R,-73.8616182,40.72976397,"63rd Drive-Rego Park (M,R), Queens Boulevard, Rego Park, Queens, City of New York, New York, 11374, United States",11374,Rego Park
Grant Ave,A-S,-73.86505,40.677044,"Grant Avenue, Brooklyn, Kings County, City of New York, New York, 11208, United States",11208,
79th St,01-Feb,-73.979917,40.783934,"79th Street, West 79th Street, Upper West Side, Manhattan, New York County, City of New York, New York, 10024, United States",10024,
Atlantic Ave,L,-73.903097,40.67534467,"Atlantic Avenue (L), Atlantic Avenue, Broadway Junction, Brooklyn, Kings County, City of New York, New York, 11207, United States",11207,Broadway Junction
Christopher St - Sheridan Sq,01-Feb,-74.002906,40.733422,"Greenwich Village, 7th Avenue South, Manhattan Community Board 2, Manhattan, New York County, City of New York, New York, 10014, United States",10014,Manhattan Community Board 2
Ozone Park - Lefferts Blvd,A-S,-73.825798,40.685951,"Ozone Park-Lefferts Boulevard, Liberty Avenue, Morris Park, Queens, City of New York, New York, 11419, United States",11419,Morris Park
Times Sq - 42nd St,7-7 Express,-73.987691,40.755477,"42nd Street - Times Square (7), West 41st Street, Theater District, Manhattan, New York County, City of New York, New York, 10036, United States",10036,Theater District
W 8th St - NY Aquarium,F-Q,-73.97595787,40.57603382,"West 8th Street–New York Aquarium, West 8th Street, Brooklyn, Kings County, City of New York, New York, 11224, United States",11224,
28th St,01-Feb,-73.993365,40.747215,"28th Street, 7th Avenue, Flower District, Manhattan Community Board 5, Manhattan, New York County, City of New York, New York, 10001, United States",10001,Flower District
28th St,4-6-6 Express,-73.984264,40.74307,"400 Park Avenue South, 400, Park Avenue South, Manhattan Community Board 5, Manhattan, New York County, City of New York, New York, 10016, United States",10016,Manhattan Community Board 5
Pelham Bay Park,6-6 Express,-73.828121,40.852462,"Pelham Bay Park, Amendola Place, Pelham Bay, Bronx County, The Bronx, City of New York, New York, 10461, United States",10461,Pelham Bay
Westchester Sq - E Tremont Ave,6-6 Express,-73.842952,40.839892,"Westchester Square-East Tremont Avenue, Westchester Avenue, Bronx County, The Bronx, City of New York, New York, 10461, United States",10461,Bronx County
18th St,01-Feb,-73.997871,40.74104,"18th Street, 7th Avenue, Chelsea District, Manhattan, New York County, City of New York, New York, 10001, United States",10001,Chelsea District
Grand Central - 42nd St,7-7 Express,-73.976041,40.751431,"42nd Street–Grand Central (7), Lexington Avenue, Manhattan Community Board 6, Manhattan, New York County, City of New York, New York, 10037, United States",10037,Manhattan Community Board 6
Beach 67th St,A,-73.796924,40.590927,"Beach 67th Street, Beach 69th Street, Arverne By The Sea, Queens, City of New York, New York, 11692, United States",11692,Arverne By The Sea
W 4th St - Washington Sq (Upper),A-C-E,-74.000495,40.732338,"St. Joseph's Church, 365, 6th Avenue, University Village, West Village, Manhattan, New York County, City of New York, New York, 10014, United States",10014,West Village
85th St - Forest Pky,J,-73.860087,40.692427,"84-23, Jamaica Avenue, Woodhaven, Queens, City of New York, New York, 11421, United States",11421,Woodhaven
Woodhaven Blvd,J-Z,-73.852052,40.693704,"Woodhaven Boulevard, Brooklyn Manor, Queens County, City of New York, New York, 11416, United States",11416,Brooklyn Manor
111th St,J,-73.83679338,40.69711481,"111-12, Jamaica Avenue, Brooklyn Manor, Queens, City of New York, New York, 11418, United States",11418,Brooklyn Manor
121st St,J-Z,-73.828349,40.700482,"121st Street, Jamaica Avenue, Richmond Hill, Queens, City of New York, New York, 11418, United States",11418,Richmond Hill
Halsey St,L,-73.903934,40.695518,"USPS, Wyckoff Avenue, Ridgewood, Queens, City of New York, New York, 11385, United States",11385,Ridgewood
Myrtle - Wyckoff Aves,L,-73.91097572,40.69947106,"Myrtle-Wyckoff Avenues, Wyckoff Avenue, Ridgewood, Kings County, City of New York, New York, 11385, United States",11385,Ridgewood
New Lots Ave,03-Apr,-73.88411071,40.66631493,"New Lots Avenue, Warwick Street, East New York, Brooklyn, Kings County, City of New York, New York, 11207, United States",11207,
Van Siclen Ave,A-C,-73.890358,40.67271,"Van Siclen Avenue, Pitkin Avenue, City Line, Brooklyn, Kings County, City of New York, New York, 11207, United States",11207,City Line
Cleveland St,J,-73.885194,40.679778,"2970, Fulton Street, Cypress Hills, Brooklyn, Kings County, City of New York, New York, 11208, United States",11208,Cypress Hills
Livonia Ave,L,-73.90056237,40.66405727,"515, Van Sinderen Avenue, Brooklyn, Kings County, City of New York, New York, 11207, United States",11207,
Junius St,03-Apr,-73.90244864,40.663589,"Junius Street, Powell Street, Brooklyn, Kings County, City of New York, New York, 11212, United States",11212,
Rockaway Ave,03-Apr,-73.90895834,40.66261749,"Rockaway Avenue, Brownsville, Brooklyn, Kings County, City of New York, New York, 11236, United States",11236,Brownsville
Canarsie - Rockaway Pkwy,L,-73.90185,40.64665367,"Canarsie–Rockaway Parkway, Rockaway Parkway Bus Station, Canarsie, Brooklyn, Kings County, City of New York, New York, 11236, United States",11236,Canarsie
E 105th St,L,-73.89954769,40.65046879,"East 105th Street, Farragut Road, Canarsie, Brooklyn, Kings County, City of New York, New York, 11236, United States",11236,Canarsie
Saratoga Ave,03-Apr,-73.91633025,40.66152979,"Saratoga Avenue, Legion Street, Brownsville, Brooklyn, Kings County, City of New York, New York, 11212, United States",11212,Brownsville
Sutter Ave - Rutland Road,03-Apr,-73.92252119,40.66476679,"Sutter Avenue-Rutland Road, Ralph Avenue, Brooklyn, Kings County, City of New York, New York, 11212, United States",11212,
New Lots Ave,L,-73.89927796,40.65891477,"New Lots Avenue, Van Sinderen Avenue, New Lots, Brooklyn, Kings County, City of New York, New York, 11207, United States",11207,New Lots
Broadway Junction,J-Z,-73.90429,40.679366,"Broadway Junction (J,Z), Stewart Street, Broadway Junction, Brooklyn, Kings County, City of New York, New York, 11207, United States",11207,Broadway Junction
Alabama Ave,J,-73.898526,40.676998,"2618, Fulton Street, Broadway Junction, Brooklyn, Kings County, City of New York, New York, 11207, United States",11207,Broadway Junction
Shepherd Ave,A-C,-73.88075,40.67413,"Shepherd Avenue, Pitkin Avenue, City Line, Brooklyn, Kings County, City of New York, New York, 11207, United States",11207,City Line
Crescent St,J-Z,-73.87392925,40.68315266,"3288, Fulton Street, City Line, Brooklyn, Kings County, City of New York, New York, 11208, United States",11208,City Line
Cypress Hills,J,-73.873322,40.689616,"Cypress Hills, Jamaica Avenue, Brooklyn, Kings County, City of New York, New York, 11208, United States",11208,
75th St - Eldert Ln,J-Z,-73.867288,40.69129,"75th Street–Elderts Lane, Jamaica Avenue, Woodhaven, Queens, City of New York, New York, 11421, United States",11421,Woodhaven
69th St,7,-73.896403,40.746325,"Iglesia Universal del Reino de Dios, Roosevelt Avenue, Woodside, Queens, City of New York, New York, 11377, United States",11377,Woodside
74th St - Broadway,7,-73.89120513,40.74686757,"74th Street–Broadway, Roosevelt Avenue, Queens, City of New York, New York, 11372, United States",11372,
Woodhaven Blvd - Queens Mall,E-M-R,-73.86943209,40.73309737,"Woodhaven Boulevard (M,R), Woodhaven Boulevard, Elmhurst, Queens, City of New York, New York, 11417, United States",11417,
Myrtle - Wyckoff Aves,M,-73.912179,40.699454,"BMT Myrtle Avenue Line, Harrison Place, Brooklyn, Kings County, City of New York, New York, 11237, United States",11237,
Seneca Ave,M,-73.907582,40.702919,"Seneca Avenue, Palmetto Street, Ridgewood, Queens, City of New York, New York, 11385, United States",11385,Ridgewood
DeKalb Ave,L,-73.918232,40.703693,"DeKalb Avenue, Wyckoff Avenue, Brooklyn, Kings County, City of New York, New York, 11385, United States",11385,
52nd St,7,-73.912549,40.744149,"51-30, Roosevelt Avenue, Sunnyside Gardens, Queens, City of New York, New York, 11377, United States",11377,Sunnyside Gardens
46th St,E-M-R,-73.91352175,40.75631695,"Northern Boulevard (M,R), Broadway, Queens, City of New York, New York, 11373, United States",11373,
Northern Blvd,E-M-R,-73.90606508,40.75282483,"Northern Boulevard (M,R), Northern Boulevard, Queens, City of New York, New York, 11377, United States",11377,
46th St,7,-73.918435,40.743132,"46th Street-Bliss Street, 47th Street, Sunnyside Gardens, Queens, City of New York, New York, 11377, United States",11377,Sunnyside Gardens
82nd St - Jackson Hts,7,-73.883697,40.747659,"82-03, Roosevelt Avenue, Queens, City of New York, New York, 11372, United States",11372,
90th St - Elmhurst Av,7,-73.876613,40.748408,"90th Street-Elmhurst Avenue, Roosevelt Avenue, Queens, City of New York, New York, 11372, United States",11372,
Howard Beach - JFK Airport,A,-73.830301,40.660476,"Howard Beach / JFK Station, Coleman Square, Howard Beach, Queens, City of New York, New York, 11414, United States",11414,Howard Beach
Aqueduct - North Conduit Av,A,-73.834058,40.668234,"Aqueduct–North Conduit Avenue, Aqueduct Road, Queens, City of New York, New York, 11417, United States",11417,
Briarwood - Van Wyck Blvd,E-F,-73.82069264,40.70916182,"Briarwood, Van Wyck Expressway, Queens, City of New York, New York, 11415, United States",11415,
Forest Hills - 71st Av,E-F-M-R,-73.84451672,40.72159431,"Forest Hills-71st Avenue (E,F,M,R), 71st Avenue, Queens, City of New York, New York, 11375, United States",11375,
Sutphin Blvd,F,-73.810833,40.705418,"Sutphin Boulevard, Hillside Avenue, Queens, City of New York, New York, 11427, United States",11427,
Jamaica Ctr - Parsons / Archer,E-J-Z,-73.80109632,40.70206738,"Jamaica Center - Parsons/Archer (E), 158th Street, Jamaica, Queens, City of New York, New York, 11435, United States",11435,
225th St,02-May,-73.86021462,40.88802826,"225th Street, White Plains Road, Wakefield, Bronx County, The Bronx, City of New York, New York, 10470, United States",10470,Wakefield
Elder Ave,6,-73.879159,40.828584,"Elder Avenue, Westchester Avenue, Bronx County, The Bronx, City of New York, New York, 10472, United States",10472,Bronx County
Longwood Ave,6,-73.896435,40.816104,"Longwood Avenue, Southern Boulevard, Bronx County, The Bronx, City of New York, New York, 10458, United States",10458,Bronx County
Astoria Blvd,N-W,-73.918095,40.770037,"Astoria Boulevard, Hoyt Avenue South, Queens, City of New York, New York, 11102, United States",11102,
Astoria - Ditmars Blvd,N-W,-73.912034,40.77503567,"Astoria-Ditmars Boulevard, 31st Street, Steinway, Queens, City of New York, New York, 11101, United States",11101,Steinway
Jackson Ave,02-May,-73.90770194,40.81643747,"Jackson Avenue, Westchester Avenue, Melrose, Bronx County, The Bronx, City of New York, New York, 10459, United States",10459,Melrose
Prospect Ave,02-May,-73.90177779,40.81948726,"Prospect Avenue, Westchester Avenue, Bronx County, The Bronx, City of New York, New York, 10459, United States",10459,Bronx County
Cypress Ave,6,-73.914042,40.805368,"Cypress Avenue, East 138th Street, Port Morris, Bronx County, The Bronx, City of New York, New York, 10454, United States",10454,Port Morris
174th St,02-May,-73.8876936,40.83719555,"174th Street, Hoe Avenue, Charlotte Gardens, Bronx County, The Bronx, City of New York, New York, 10460, United States",10460,Charlotte Gardens
Allerton Ave,02-May,-73.86723423,40.86548338,"Allerton Avenue, Bronx County, The Bronx, City of New York, New York, 10467, United States",10467,Bronx County
E 143rd St - St Mary's St,6,-73.907657,40.808719,"East 143rd Street–Saint Mary's Street, Southern Boulevard, Bronx County, The Bronx, City of New York, New York, 10458, United States",10458,Bronx County
Kingsbridge Rd,4,-73.897174,40.86776,"Kingsbridge Road, Jerome Avenue, Kingsbridge Heights, Bronx County, The Bronx, City of New York, New York, 10468, United States",10468,Kingsbridge Heights
Bedford Park Blvd - Lehman College,4,-73.890064,40.873412,"Bedford Park Boulevard-Lehman College, Bedford Park Boulevard West, Bedford Park, Bronx County, The Bronx, City of New York, New York, 10458, United States",10458,Bedford Park
Harlem - 148 St,3,-73.93647,40.82388,"Harlem-148th Street, Adam Clayton Powell Jr. Boulevard, Harlem, Manhattan, New York County, City of New York, New York, 10039, United States",10039,
Mt Eden Ave,4,-73.914685,40.844434,"Mount Eden Avenue, Jerome Avenue, Morris Heights, Bronx County, The Bronx, City of New York, New York, 10468, United States",10468,Morris Heights
Fordham Rd,B-D,-73.897749,40.861296,"Fordham Road, Grand Concourse, Fordham, Bronx County, The Bronx, City of New York, New York, 10468, United States",10468,Fordham
170th St,4,-73.917791,40.840075,"170th Street, Jerome Avenue, High Bridge, Bronx County, The Bronx, City of New York, New York, 10468, United States",10468,High Bridge
Bedford Park Blvd,B-D,-73.887138,40.873244,"Bedford Park Boulevard, Grand Concourse, Bedford Park, Bronx County, The Bronx, City of New York, New York, 10458, United States",10458,Bedford Park
Marble Hill - 225th St,1,-73.909831,40.874561,"Marble Hill-225th Street, West 225th Street, Marble Hill, Manhattan, New York County, City of New York, New York, 10463, United States",10463,Marble Hill
231st St,1,-73.904834,40.878856,"5572, Broadway, Kingsbridge, Bronx County, The Bronx, City of New York, New York, 10463, United States",10463,Kingsbridge
215th St,1,-73.915279,40.869444,"207th Street Yard Maintenance Facility, 3935, 10th Avenue, Manhattan Community Board 12, Manhattan, New York County, City of New York, New York, 10034, United States",10034,Manhattan Community Board 12
207th St,1,-73.918819,40.864614,"3876, 10th Avenue, Manhattan Community Board 12, Manhattan, New York County, City of New York, New York, 10034, United States",10034,Manhattan Community Board 12
Inwood - 207th St,A,-73.919899,40.868072,"IND Eighth Avenue Line (downtown), West 211th Street, Manhattan Community Board 12, Manhattan, New York County, City of New York, New York, 10034, United States",10034,Manhattan Community Board 12
Van Cortlandt Park - 242nd St,1,-73.898583,40.889248,"Van Cortlandt Park-242nd Street, Broadway, Fieldston, Bronx County, The Bronx, City of New York, New York, 10471, United States",10471,Fieldston
West Farms Sq - E Tremont Av,02-May,-73.87996128,40.84020763,"East Tremont Avenue & Boston Road, East Tremont Avenue, West Farms, Bronx County, The Bronx, City of New York, New York, 10461, United States",10461,West Farms
219th St,02-May,-73.86250971,40.88388797,"219th Street, East 219th Street, Williams Bridge, Bronx County, The Bronx, City of New York, New York, 10469, United States",10469,Williams Bridge
Mosholu Pkwy,4,-73.884655,40.87975,"Mosholu Parkway, Norwood, Bronx County, The Bronx, City of New York, New York, 10467, United States",10467,Norwood
Norwood - 205th St,D,-73.878855,40.874811,"Lutheran Church of the Epiphany, 302, East 206th Street, Norwood, Bronx County, The Bronx, City of New York, New York, 10467, United States",10467,Norwood
Burke Ave,02-May,-73.86705362,40.8712588,"Burke Avenue, White Plains Road, Williams Bridge, Bronx County, The Bronx, City of New York, New York, 10470, United States",10470,Williams Bridge
Baychester Ave,5,-73.838591,40.878663,"Baychester Avenue, Edson Avenue, Bronx County, The Bronx, City of New York, New York, 10469, United States",10469,Bronx County
Eastchester - Dyre Ave,5,-73.830834,40.8883,"Eastchester—Dyre Avenue, Light Street, Eastchester, Bronx County, The Bronx, City of New York, New York, 10466, United States",10466,Eastchester
Jamaica - 179th St,F,-73.783817,40.71264567,"Jamaica–179th Street, Hillside Avenue, Hillside, Queens, City of New York, New York, 11427, United States",11427,Hillside
Wakefield - 241st St,2,-73.85062,40.903125,"Wakefield-241st Street, White Plains Road, Wakefield, Bronx County, The Bronx, City of New York, New York, 10470, United States",10470,Wakefield
Botanic Garden,S,-73.959245,40.67034267,"Union Street Garden and Community Development, 1029, Union Street, Eastern Parkway, Brooklyn, Kings County, City of New York, New York, 11225, United States",11225,Eastern Parkway
Bushwick - Aberdeen,L,-73.90526176,40.68286063,"Bushwick Avenue-Aberdeen Street, Bushwick Avenue, Broadway Junction, Brooklyn, Kings County, City of New York, New York, 11207, United States",11207,Broadway Junction
Broadway Junction,L,-73.90311758,40.67845625,"Broadway Junction (L), Van Sinderen Avenue, Broadway Junction, Brooklyn, Kings County, City of New York, New York, 11207, United States",11207,Broadway Junction
Gun Hill Rd,5,-73.846384,40.869526,"Gun Hill Road, Sexton Place, Bronx County, The Bronx, City of New York, New York, 10469, United States",10469,Bronx County
E 180th St,02-May,-73.8733461,40.84186304,"East 180th Street, Bronx River Greenway, West Farms, Bronx County, The Bronx, City of New York, New York, 10460, United States",10460,West Farms
Dyckman St,1,-73.925536,40.860531,"Dyckman Street, Hillside Avenue, Manhattan Community Board 12, Manhattan, New York County, City of New York, New York, 10040, United States",10040,Manhattan Community Board 12
125th St,1,-73.958372,40.815581,"125th Street, West 125th Street, Manhattanville, Manhattan, New York County, City of New York, New York, 10027, United States",10027,Manhattanville
Franklin Ave - Fulton St,S,-73.955827,40.68059567,"Franklin Avenue, Lefferts Place, Brooklyn, Kings County, City of New York, New York, 11216, United States",11216,
149th St - Grand Concourse,02-May,-73.92672247,40.81833014,"149th Street-Grand Concourse, East 149th Street, Bronx County, The Bronx, City of New York, New York, 10451, United States",10451,Bronx County
3rd Ave - 149th St,02-May,-73.91779153,40.81602925,"3rd Avenue-149th Street, East 149th Street, Bronx County, The Bronx, City of New York, New York, 10455, United States",10455,Bronx County
167th St,4,-73.9214,40.835537,"1197, River Avenue, High Bridge, Bronx County, The Bronx, City of New York, New York, 10452, United States",10452,High Bridge
Brook Ave,6,-73.91924,40.807566,"503, East 138th Street, Mott Haven, Bronx County, The Bronx, City of New York, New York, 10454, United States",10454,Mott Haven
33rd St,7,-73.930997,40.744587,"33rd Street-Rawson Street, 34th Street, Sunnyside, Queens, City of New York, New York, 11101, United States",11101,Sunnyside
40th St,7,-73.924016,40.743781,"40th Street-Lowery Street, 40th Street, Sunnyside Gardens, Queens, City of New York, New York, 11104, United States",11104,Sunnyside Gardens
145th St,A-B-C-D,-73.94408793,40.82476636,"145th Street, Saint Nicholas Avenue, Manhattan Community Board 9, Manhattan, New York County, City of New York, New York, 10040, United States",10040,Manhattan Community Board 9
155th St,B-D,-73.938209,40.830135,"155th Street, Frederick Douglass Boulevard, Harlem, Manhattan, New York County, City of New York, New York, 10039, United States",10039,
161st St - Yankee Stadium,B-D,-73.925651,40.827905,"51, East 161st Street, Bronx County, The Bronx, City of New York, New York, 10452, United States",10452,Bronx County
Utica Ave,A-C,-73.930729,40.679364,"1700, Fulton Street, Bedford-Stuyvesant, Brooklyn, Kings County, City of New York, New York, 11213, United States",11213,Bedford-Stuyvesant
Steinway St,E-M-R,-73.92052647,40.75698736,"Steinway Street (M,R), 34th Avenue, Sunnyside Gardens, Queens, City of New York, New York, 11101, United States",11101,Sunnyside Gardens
Kosciuszko St,J,-73.928509,40.693172,"Mishkin's Pharmacy, 1153, Broadway, Brooklyn, Kings County, City of New York, New York, 11207, United States",11207,
Gates Ave,J-Z,-73.922156,40.689584,"Gates Avenue, Broadway, Brooklyn, Kings County, City of New York, New York, 11207, United States",11207,
Central Ave,M,-73.927243,40.697873,"1254, Myrtle Avenue, Brooklyn, Kings County, City of New York, New York, 11221, United States",11221,
Knickerbocker Ave,M,-73.91972,40.69866,"Knickerbocker Avenue, Myrtle Avenue, Brooklyn, Kings County, City of New York, New York, 11237, United States",11237,
30th Ave,N-W,-73.921479,40.76677867,"30th Avenue, 31st Street, Queens, City of New York, New York, 11102, United States",11102,
Jefferson St,L,-73.922913,40.70660667,"19, Wyckoff Avenue, Brooklyn, Kings County, City of New York, New York, 11237, United States",11237,
Morgan Ave,L,-73.933147,40.70615167,"14, Harrison Place, Brooklyn, Kings County, City of New York, New York, 11206, United States",11206,
Queens Plz,E-M-R,-73.93713824,40.74891772,"Queens Plaza, Queens Plaza Greenway, Court Square, Queens, City of New York, New York, 11101, United States",11101,Court Square
18th Ave,F,-73.976971,40.62975467,"18th Avenue, McDonald Avenue, Parkville, Brooklyn, Kings County, City of New York, New York, 11223, United States",11223,Parkville
77th St,R,-74.02551,40.62974167,"4th Avenue & 77th Street, 4th Avenue, Bay Ridge, Brooklyn, Kings County, City of New York, New York, 11209, United States",11209,Bay Ridge
Bay Ridge Ave,R,-74.023377,40.63496667,"6811, 4th Avenue, Bay Ridge, Brooklyn, Kings County, City of New York, New York, 11220, United States",11220,Bay Ridge
50th St,D,-73.99465878,40.63626089,"Happy Trees Farm, 4901, New Utrecht Avenue, Borough Park, Brooklyn, Kings County, City of New York, New York, 11219, United States",11219,Borough Park
Ft Hamilton Pkwy,N,-74.005351,40.63138567,"Fort Hamilton Parkway, 62nd Street, Brooklyn, Kings County, City of New York, New York, 11204, United States",11204,
25th Ave,D,-73.986829,40.59770367,"25th Avenue, 86th Street, Brooklyn, Kings County, City of New York, New York, 11214, United States",11214,
Bay Pky,D,-73.9936762,40.60195046,"Bay Parkway, Bensonhurst, Brooklyn, Kings County, City of New York, New York, 11214, United States",11214,Bensonhurst
20th Ave,N,-73.984522,40.617109,"2015, 64th Street, New Utrecht, Brooklyn, Kings County, City of New York, New York, 11204, United States",11204,
18th Ave,N,-73.990454,40.620687,"18th Avenue, 64th Street, New Utrecht, Brooklyn, Kings County, City of New York, New York, 11204, United States",11204,
Bay Ridge - 95th St,R,-74.030876,40.61662167,"86th Street, 4th Avenue, Fort Hamilton, Brooklyn, Kings County, City of New York, New York, 11209, United States",11209,Fort Hamilton
86th St,R,-74.028398,40.62268667,"86th Street, 85th Street, Fort Hamilton, Brooklyn, Kings County, City of New York, New York, 11209, United States",11209,Fort Hamilton
79th St,D,-74.00058287,40.61315893,"79th Street, 17th Avenue, New Utrecht, Brooklyn, Kings County, City of New York, New York, 11214, United States",11214,
71st St,D,-73.99884095,40.61925871,"71st Street, New Utrecht, Brooklyn, Kings County, City of New York, New York, 11204, United States",11204,
20th Ave,D,-73.99817432,40.604677,"20th Avenue, Brooklyn, Kings County, City of New York, New York, 11214, United States",11214,
18th Ave,D,-74.00159259,40.60773573,"18th Avenue, 85th Street, Bensonhurst, Brooklyn, Kings County, City of New York, New York, 11214, United States",11214,Bensonhurst
62nd St,D,-73.99685725,40.62622446,"62nd Street (D), 61st Street, Brooklyn, Kings County, City of New York, New York, 11219, United States",11219,
New Utrecht Ave,N,-73.996353,40.62484167,"New Utrecht Avenue, 63rd Street, Brooklyn, Kings County, City of New York, New York, 11204, United States",11204,
Ave U,F,-73.97337642,40.59592483,"Avenue U, McDonald Avenue, Midwood, Gravesend, Kings County, City of New York, New York, 11223, United States",11223,Gravesend
Kings Hwy,F,-73.97235531,40.60325841,"Kings Highway, McDonald Avenue, Midwood, Gravesend, Kings County, City of New York, New York, 11223, United States",11223,Gravesend
Brighton Beach,B-Q,-73.96135379,40.5777102,"603, Brighton Beach Avenue, Brooklyn, Kings County, City of New York, New York, 11235, United States",11235,
Sheepshead Bay,B-Q,-73.95405791,40.58654755,"Avalon Brooklyn Bay, 1501, Voorhies Avenue, Brooklyn, Kings County, City of New York, New York, 11235, United States",11235,
Ave U,Q,-73.95581122,40.59930895,"Avenue U, East 16th Street, Brooklyn, Kings County, City of New York, New York, 11235, United States",11235,
Kings Hwy,B-Q,-73.95760874,40.60863865,"1524, Kings Highway, Brooklyn, Kings County, City of New York, New York, 11229, United States",11229,
Ave U,N,-73.979084,40.597236,"2058, West 7th Street, Brooklyn, Kings County, City of New York, New York, 11223, United States",11223,
Kings Hwy,N,-73.980373,40.604059,"1772, West 7th Street, Brooklyn, Kings County, City of New York, New York, 11223, United States",11223,
Neptune Ave,F,-73.97459273,40.58073876,"Neptune Avenue, West 6th Street, Brooklyn, Kings County, City of New York, New York, 11223, United States",11223,
Ave X,F,-73.974266,40.58944967,"Avenue X, Shell Road, Brooklyn, Kings County, City of New York, New York, 11223, United States",11223,
Bay 50th St,D,-73.983765,40.58884067,"Bay 50th Street, Stillwell Avenue, Brooklyn, Kings County, City of New York, New York, 11224, United States",11224,
Gravesend - 86th St,N,-73.978189,40.592465,"86th Street & West 7th Street, 86th Street, Brooklyn, Kings County, City of New York, New York, 11223, United States",11223,
Ave P,F,-73.97300282,40.60884281,"Avenue P, McDonald Avenue, Midwood, Brooklyn, Kings County, City of New York, New York, 11223, United States",11223,Midwood
Ave N,F,-73.97404851,40.61435671,"Avenue N, McDonald Avenue, Midwood, Brooklyn, Kings County, City of New York, New York, 11223, United States",11223,Midwood
Bay Pky,F,-73.97525698,40.62073162,"Bay Parkway, McDonald Avenue, Midwood, Brooklyn, Kings County, City of New York, New York, 11223, United States",11223,Midwood
Ave M,Q,-73.95924311,40.61739774,"1340, East 16th Street, Midwood, Brooklyn, Kings County, City of New York, New York, 11230, United States",11230,Midwood
Bay Pky,N,-73.98178001,40.61145579,"1386, West 7th Street, Brooklyn, Kings County, City of New York, New York, 11204, United States",11204,
Ave I,F,-73.97606933,40.62501744,"CubeSmart, 1158, McDonald Avenue, Brooklyn, Kings County, City of New York, New York, 11230, United States",11230,
Ave J,Q,-73.96069316,40.62502282,"Avenue J, Midwood, Brooklyn, Kings County, City of New York, New York, 11234, United States",11234,Midwood
Ave H,Q,-73.96151794,40.62920838,"826, East 16th Street, Brooklyn, Kings County, City of New York, New York, 11230, United States",11230,
Neck Rd,Q,-73.95507827,40.59532169,"2258, East 16th Street, Brooklyn, Kings County, City of New York, New York, 11229, United States",11229,
21st St - Queensbridge,F,-73.94193761,40.75373927,"21st Street–Queensbridge, 41st Avenue, Queensbridge, Queens, City of New York, New York, 11101, United States",11101,Queensbridge
50th St,A-C-E,-73.985984,40.762456,"832, 8th Avenue, Manhattan Community Board 5, Manhattan, New York County, City of New York, New York, 10019, United States",10019,Manhattan Community Board 5
7th Ave,B-D-E,-73.98169782,40.76297015,"7th Avenue, West 54th Street, Manhattan Community Board 5, Manhattan, New York County, City of New York, New York, 10019, United States",10019,Manhattan Community Board 5
47th-50th Sts - Rockefeller Ctr,B-D-F-M,-73.981331,40.758641,"47th-50th Streets-Rockefeller Center, West 48th Street, Manhattan Community Board 5, Manhattan, New York County, City of New York, New York, 10036, United States",10036,Manhattan Community Board 5
57th St,F,-73.977368,40.764085,"57th Street, West 57th Street, Manhattan Community Board 5, Manhattan, New York County, City of New York, New York, 10019, United States",10019,Manhattan Community Board 5
Lexington Ave - 63rd St,F-Q,-73.96608964,40.76461809,"Lexington Avenue-63rd Street, East 63rd Street, Manhattan Community Board 8, Manhattan, New York County, City of New York, New York, 10021, United States",10021,Manhattan Community Board 8
Roosevelt Island - Main St,F,-73.953235,40.759172,"Roosevelt Island subway entrance, West Road, Roosevelt Island, Manhattan Community Board 8, Manhattan, New York County, City of New York, New York, 10044, United States",10044,Roosevelt Island
59th St - Columbus Circle,A-B-C-D,-73.98164872,40.76824953,"59th Street–Columbus Circle, West 57th Street, Manhattan Community Board 4, Manhattan, New York County, City of New York, New York, 10019, United States",10019,Manhattan Community Board 4
49th St,N-Q-R-W,-73.98420957,40.75980197,"719, 7th Avenue, Times Square, Manhattan, New York County, City of New York, New York, 10036, United States",10036,
57th St,N-Q-R-W,-73.98072973,40.76456553,"57th Street–7th Avenue, 7th Avenue, Manhattan Community Board 5, Manhattan, New York County, City of New York, New York, 10019, United States",10019,Manhattan Community Board 5
5th Ave - 59th St,N-R-W,-73.973347,40.764811,"5th Avenue-59th Street, Central Park Outer Loop, Manhattan, New York County, City of New York, New York, 10153, United States",10153,
Lexington Ave - 59th St,N-R-W,-73.96737502,40.76270886,"Lexington Avenue-59th Street, East 61st Street, Manhattan Community Board 8, Manhattan, New York County, City of New York, New York, 10021, United States",10021,Manhattan Community Board 8
34th St - Penn Station,01/02/2003,-73.991057,40.750373,"34th-Street - Penn Station, 7th Avenue, Chelsea District, Manhattan, New York County, City of New York, New York, 10001, United States",10001,Chelsea District
Times Sq - 42nd St,01/02/2003,-73.987495,40.75529,"Times Square–42nd Street/Port Authority Bus Terminal, Shubert Alley, Theater District, Manhattan, New York County, City of New York, New York, 10036, United States",10036,Theater District
Fulton St,A-C,-74.00762309,40.71016217,"Fulton Street (A,C), Fulton Street, Manhattan Community Board 1, Manhattan, New York County, City of New York, New York, 10038, United States",10038,Manhattan Community Board 1
Chambers St,A-C,-74.00858474,40.714111,"Chambers Street–World Trade Center–Park Place–Cortlandt Street, Broadway, Manhattan Community Board 1, Manhattan, New York County, City of New York, New York, 10007, United States",10007,Manhattan Community Board 1
42nd St - Port Authority Bus Term,A-C-E,-73.989735,40.757308,"Times Square–42nd Street/Port Authority Bus Terminal, Shubert Alley, Theater District, Manhattan, New York County, City of New York, New York, 10036, United States",10036,Theater District
Myrtle-Willoughby Aves,G,-73.949067,40.694619,"Myrtle-Wiloughby Avenues (G), Marcy Avenue, Brooklyn, Kings County, City of New York, New York, 11216, United States",11216,
Flushing Ave,G,-73.950234,40.70037667,"Flushing Avenue, Union Avenue, Brooklyn, Kings County, City of New York, New York, 11211, United States",11211,
23rd St,F-M,-73.992765,40.74295432,"USPS, 6th Avenue, Manhattan Community Board 5, Manhattan, New York County, City of New York, New York, 10019, United States",10019,Manhattan Community Board 5
Herald Sq - 34th St,B-D-F-M,-73.98777189,40.7497894,"34th Street–Herald Square, West 34th Street, Herald Square, Manhattan, New York County, City of New York, New York, 10001, United States",10001,Herald Square
Hoyt - Schermerhorn Sts,A-C-G,-73.98503624,40.68840848,"Hoyt-Schermerhron Streets (A,C,G), State Street, Brooklyn, Kings County, City of New York, New York, 11217, United States",11217,
Jay St - MetroTech,A-C-F,-73.98721815,40.69247064,"Jay Street-MetroTech (A,C,F,R), Jay Street, Brooklyn, Kings County, City of New York, New York, 11201, United States",11201,
East Broadway,F,-73.990177,40.713855,"East Broadway, Essex Street, Manhattan Community Board 3, Manhattan, New York County, City of New York, New York, 10002, United States",10002,Manhattan Community Board 3
Delancey St - Essex St,F,-73.98807807,40.71868074,"Delancey Street–Essex Street, Norfolk Street, Manhattan Community Board 3, Manhattan, New York County, City of New York, New York, 10002, United States",10002,Manhattan Community Board 3
Lower East Side - 2nd Ave,F,-73.989938,40.72340167,"2nd Avenue, Forsyth Street, Manhattan Community Board 3, Manhattan, New York County, City of New York, New York, 10002, United States",10002,Manhattan Community Board 3
Flushing Ave,J-M,-73.94137735,40.7004044,"NYC Health + Hospitals/Woodhull, 760, Broadway, Brooklyn, Kings County, City of New York, New York, 11206, United States",11206,
Myrtle Ave,J-M-Z,-73.935623,40.697195,"Myrtle Avenue, Jefferson Street, Brooklyn, Kings County, City of New York, New York, 11206, United States",11206,
4th Av - 9th St,F-G,-73.989779,40.67027167,"4th Avenue, 10th Street, Brooklyn, Kings County, City of New York, New York, 11215, United States",11215,
Smith - 9th Sts,F-G,-73.99589173,40.67364106,"Culver Viaduct, 3rd Street, Gowanus, Brooklyn, Kings County, City of New York, New York, 11215, United States",11215,Gowanus
Bergen St,F-G,-73.9907565,40.68611055,"Bergen Street (F,G), Warren Street, Gowanus, Brooklyn, Kings County, City of New York, New York, 11201, United States",11201,Gowanus
Jay St - MetroTech,N-R,-73.98605668,40.6922554,"81, Willoughby Street, Brooklyn, Kings County, City of New York, New York, 11201, United States",11201,
Court St,N-R,-73.99181831,40.69419648,"185, Montague Street, Cobble Hill, Brooklyn, Kings County, City of New York, New York, 11201, United States",11201,Cobble Hill
Union Sq - 14th St,N-Q-R-W,-73.99053886,40.73587227,"14th Street–Union Square, East 15th Street, Manhattan Community Board 5, Manhattan, New York County, City of New York, New York, 10003, United States",10003,Manhattan Community Board 5
23rd St,N-Q-R-W,-73.989344,40.74130267,"23rd Street, East 23rd Street, Manhattan Community Board 5, Manhattan, New York County, City of New York, New York, 10010, United States",10010,Manhattan Community Board 5
Prospect Ave,D-N-R,-73.992872,40.66541367,"Prospect Avenue, Prospect Expressway, South Slope, Park Slope, Kings County, City of New York, New York, 11215, United States",11215,Park Slope
4th Av - 9th St,D-N-R,-73.988302,40.67084667,"9th Street, 4th Avenue, Brooklyn, Kings County, City of New York, New York, 11209, United States",11209,
3rd Ave,L,-73.98575,40.732691,"3rd Avenue, East 14th Street, Manhattan Community Board 3, Manhattan, New York County, City of New York, New York, 10003, United States",10003,Manhattan Community Board 3
Union Sq - 14th St,L,-73.99066977,40.73476331,"Union Square, Union Square East, Manhattan Community Board 5, Manhattan, New York County, City of New York, New York, 10003, United States",10003,Manhattan Community Board 5
Liberty Ave,A-C,-73.896548,40.674542,"Liberty Avenue, Pennsylvania Avenue, Broadway Junction, Brooklyn, Kings County, City of New York, New York, 11207, United States",11207,Broadway Junction
Broadway Junction,A-C,-73.905316,40.67833367,"Broadway Junction (A,C), Van Sinderen Avenue, Broadway Junction, Brooklyn, Kings County, City of New York, New York, 11207, United States",11207,Broadway Junction
59th St,N-R,-74.017881,40.64136167,"59th Street, 4th Avenue, Brooklyn, Kings County, City of New York, New York, 11220, United States",11220,
45th St,N-R,-74.010006,40.64893867,"45th Street, 4th Avenue, Brooklyn, Kings County, City of New York, New York, 11232, United States",11232,
36th St,D-N-R,-74.003549,40.65514367,"36th Street, 4th Avenue, Sunset Park, Kings County, City of New York, New York, 11209, United States",11209,Sunset Park
9th Ave,D,-73.99444874,40.64648408,"9th Avenue, Brooklyn, Kings County, City of New York, New York, 11220, United States",11220,
53rd St,N-R,-74.014034,40.64506867,"53rd Street, 4th Avenue, Brooklyn, Kings County, City of New York, New York, 11220, United States",11220,
Ft Hamilton Pkwy,D,-73.99420224,40.64091271,"Fort Hamilton Parkway, 44th Street, Brooklyn, Kings County, City of New York, New York, 11219, United States",11219,
25th St,D-N-R,-73.998091,40.66039667,"25th Street, 4th Avenue, South Slope, Brooklyn, Kings County, City of New York, New York, 11232, United States",11232,South Slope
Carroll St,F-G,-73.99494698,40.68027335,"P.S. 58 The Carroll School, 330, Smith Street, Carroll Gardens, Brooklyn, Kings County, City of New York, New York, 11231, United States",11231,Carroll Gardens
Spring St,A-C-E,-74.003739,40.726227,"Spring Street, 6th Avenue, University Village, Hudson Square, Manhattan, New York County, City of New York, New York, 10019, United States",10019,Hudson Square
181st St,A,-73.937969,40.851695,"181st Street, Fort Washington Avenue, Manhattan Community Board 12, Manhattan, New York County, City of New York, New York, 10040, United States",10040,Manhattan Community Board 12
190th St,A,-73.93418,40.859022,"190th Street, Margaret Corbin Plaza, Fort George, Manhattan, New York County, City of New York, New York, 10040, United States",10040,Fort George
116th St,A-B-C,-73.95479778,40.80505813,"Lido, West 117th Street, Manhattan Community Board 10, Manhattan, New York County, City of New York, New York, 10026, United States",10026,Manhattan Community Board 10
125th St,A-B-C-D,-73.952248,40.81107167,"125th Street, West 125th Street, Harlem, Manhattan, New York County, City of New York, New York, 10027, United States",10027,
Prince St,N-Q-R-W,-73.997702,40.72432867,"Prince Street, Broadway, Manhattan Community Board 2, Manhattan, New York County, City of New York, New York, 10003, United States",10003,Manhattan Community Board 2
8th St - NYU,N-Q-R-W,-73.992508,40.730465,"8th Street-New York University, Broadway, NoHo, Manhattan, New York County, City of New York, New York, 10003, United States",10003,NoHo
Fulton St,02-Mar,-74.006571,40.709416,"Fulton Street, Cortlandt Street, Manhattan Community Board 1, Manhattan, New York County, City of New York, New York, 10007, United States",10007,Manhattan Community Board 1
Park Pl,02-Mar,-74.008811,40.713051,"Chambers Street–World Trade Center–Park Place–Cortlandt Street, Broadway, Manhattan Community Board 1, Manhattan, New York County, City of New York, New York, 10007, United States",10007,Manhattan Community Board 1
Chambers St,01/02/2003,-74.009266,40.715478,"Chambers Street, West Broadway, Manhattan Community Board 1, Manhattan, New York County, City of New York, New York, 10012, United States",10012,Manhattan Community Board 1
Hoyt St,02-Mar,-73.9850638,40.69054419,"Hoyt Street, Fulton Mall, Brooklyn, Kings County, City of New York, New York, 11201, United States",11201,
Borough Hall,02-Mar,-73.989998,40.693219,"Borough Hall (2,3), Court Street, Cobble Hill, Brooklyn, Kings County, City of New York, New York, 11231, United States",11231,Cobble Hill
183rd St,4,-73.903879,40.858407,"183rd Street, Jerome Avenue, Fordham, Bronx County, The Bronx, City of New York, New York, 10468, United States",10468,Fordham
Fordham Rd,4,-73.901034,40.862803,"Fordham Road, Jerome Avenue, Fordham, Bronx County, The Bronx, City of New York, New York, 10468, United States",10468,Fordham
World Trade Center,E,-74.00974462,40.71256393,"Chambers Street–World Trade Center–Park Place–Cortlandt Street, Broadway, Manhattan Community Board 1, Manhattan, New York County, City of New York, New York, 10007, United States",10007,Manhattan Community Board 1
Canal St - Holland Tunnel,A-C-E,-74.005229,40.720824,"Hilton Garden Inn Tribeca, 39, 6th Avenue, Manhattan Community Board 1, Manhattan, New York County, City of New York, New York, 10013, United States",10013,Manhattan Community Board 1
155th St,A-C,-73.941514,40.830518,"886, Saint Nicholas Avenue, Manhattan Community Board 9, Manhattan, New York County, City of New York, New York, 10032, United States",10032,Manhattan Community Board 9
163rd St - Amsterdam Av,A-C,-73.939892,40.836013,"163rd Street-Amsterdam Av, Saint Nicholas Avenue, Manhattan Community Board 12, Manhattan, New York County, City of New York, New York, 10040, United States",10040,Manhattan Community Board 12
Fulton St,J-Z,-74.007938,40.71002267,"Fulton Street (J,Z), Fulton Street, Manhattan Community Board 1, Manhattan, New York County, City of New York, New York, 10038, United States",10038,Manhattan Community Board 1
Chambers St,J-Z,-74.00340673,40.71323379,"David N. Dinkins Manhattan Municipal Building, 1, Centre Street, Lower Manhattan, Manhattan Community Board 1, Manhattan, New York County, City of New York, New York, 10007, United States",10007,Manhattan Community Board 1
Canal St,J-Z,-73.99982639,40.71817388,"Canal Street, Centre Street, Manhattan Community Board 2, Manhattan, New York County, City of New York, New York, 10013, United States",10013,Manhattan Community Board 2
City Hall,R-W,-74.00698582,40.71327233,"City Hall, Broadway, Lower Manhattan, Manhattan Community Board 1, Manhattan, New York County, City of New York, New York, 10003, United States",10003,Manhattan Community Board 1
Canal St,R-W,-74.001826,40.719465,"Canal Street, Broadway, Manhattan Community Board 2, Manhattan, New York County, City of New York, New York, 10003, United States",10003,Manhattan Community Board 2
South Ferry,1,-74.01316896,40.70173051,"South Ferry, Peter Minuit Plaza, Financial District, Manhattan, New York County, City of New York, New York, 10004, United States",10004,Financial District
Bowling Green,04-May,-74.014008,40.704914,"Bowling Green Building, 11, Broadway, Financial District, Manhattan, New York County, City of New York, New York, 10004, United States",10004,Financial District
Wall St,04-May,-74.011862,40.707557,"Wall Street, Manhattan Community Board 1, Manhattan, New York County, City of New York, New York, 10005, United States",10005,Manhattan Community Board 1
Whitehall St,R-W,-74.01300724,40.70314237,"Whitehall Street-South Ferry, Bridge Street, Financial District, Manhattan, New York County, City of New York, New York, 10004, United States",10004,Financial District
Rector St,R-W,-74.01297456,40.70774476,"Rector Street, Trinity Place, Manhattan Community Board 1, Manhattan, New York County, City of New York, New York, 10006, United States",10006,Manhattan Community Board 1
Fresh Pond Rd,M,-73.895898,40.706226,"Fresh Pond Road, Ridgewood, Queens, City of New York, New York, 11385, United States",11385,Ridgewood
Middle Village - Metropolitan Ave,M,-73.88957723,40.71143131,"Middle Village-Metropolitan Avenue, Rentar Plaza, Middle Village, Queens, City of New York, New York, 11385, United States",11385,Middle Village
Rector St,1,-74.013783,40.707513,"77 Greenwich Street, 77, Greenwich Street, Manhattan Community Board 1, Manhattan, New York County, City of New York, New York, 10006, United States",10006,Manhattan Community Board 1
Cortlandt St,1,-74.012188,40.711835,"National September 11 Memorial & Museum, 180, Greenwich Street, Manhattan Community Board 1, Manhattan, New York County, City of New York, New York, 10007, United States",10007,Manhattan Community Board 1
Fulton St,04-May,-74.009509,40.710368,"Fulton Street, Cortlandt Street, Manhattan Community Board 1, Manhattan, New York County, City of New York, New York, 10007, United States",10007,Manhattan Community Board 1
Broad St,J-Z,-74.011056,40.706476,"Broad Street, Financial District, Manhattan, New York County, City of New York, New York, 10004, United States",10004,Financial District
Cortlandt St,R-W,-74.01113196,40.71051298,"Chambers Street–World Trade Center–Park Place–Cortlandt Street, Broadway, Manhattan Community Board 1, Manhattan, New York County, City of New York, New York, 10007, United States",10007,Manhattan Community Board 1
Wall St,02-Mar,-74.0091,40.706821,"Wall Street, Pine Street, Manhattan Community Board 1, Manhattan, New York County, City of New York, New York, 10005, United States",10005,Manhattan Community Board 1
Dyckman St,A,-73.927271,40.865491,"Bank of America, 210, Dyckman Street, Manhattan Community Board 12, Manhattan, New York County, City of New York, New York, 10040, United States",10040,Manhattan Community Board 12
Grand St,B-D,-73.993753,40.718267,"Grand Street, Chrystie Street, Manhattan Community Board 3, Manhattan, New York County, City of New York, New York, 10002, United States",10002,Manhattan Community Board 3
Broadway - Lafayette St,B-D-F-M,-73.996204,40.725297,"Broadway–Lafayette Street, East Houston Street, Manhattan Community Board 2, Manhattan, New York County, City of New York, New York, 10002, United States",10002,Manhattan Community Board 2
Bowery,J-Z,-73.99380691,40.72024688,"Bowery (J,Z), Elizabeth Street, Manhattan Community Board 3, Manhattan, New York County, City of New York, New York, 10012, United States",10012,Manhattan Community Board 3
Canal St,N-Q,-74.00105471,40.71881426,"Canal Street, Manhattan Community Board 2, Manhattan, New York County, City of New York, New York, 10013, United States",10013,Manhattan Community Board 2
23rd St,A-C-E,-73.998041,40.745906,"23rd Street, 8th Avenue, Chelsea, Manhattan, New York County, City of New York, New York, 10001, United States",10001,Chelsea
34th St - Penn Station,A-C-E,-73.993391,40.752287,"34th Street - Penn Station, West 33rd Street, Chelsea District, Manhattan, New York County, City of New York, New York, 10001, United States",10001,Chelsea District
Jackson Hts - Roosevelt Av,E-F-M-R,-73.89129867,40.74653969,"Jackson Heights–Roosevelt Avenue, Diversity Plaza, Queens, City of New York, New York, 11372, United States",11372,
14th St,01/02/2003,-74.000201,40.737826,"14th Street, 7th Avenue, Manhattan Community Board 2, Manhattan, New York County, City of New York, New York, 10001, United States",10001,Manhattan Community Board 2
135th St,A-B-C,-73.94753481,40.81790556,"135th Street, West 135th Street, Harlem, Manhattan, New York County, City of New York, New York, 10030, United States",10030,
14th St,F-M,-73.996209,40.738228,"Moscot, 555, 6th Avenue, Chelsea, Manhattan, New York County, City of New York, New York, 10011, United States",10011,Chelsea
6th Ave,L,-73.99775079,40.73774147,"John and Mary R Markle Memorial Residence, 14th Street/6th Avenue-7th Subway transfer, Manhattan Community Board 2, Manhattan, New York County, City of New York, New York, 10011, United States",10011,Manhattan Community Board 2
8th Ave,L,-74.002578,40.73977667,"8th Avenue, West 14th Street, Manhattan Community Board 4, Manhattan, New York County, City of New York, New York, 10011, United States",10011,Manhattan Community Board 4
14th St,A-C-E,-74.00169,40.740893,"112, 8th Avenue, Chelsea District, Manhattan, New York County, City of New York, New York, 10011, United States",10011,Chelsea District
Nostrand Ave,03-Apr,-73.95042625,40.66993815,"Eastern Parkway North Mall, Crown Heights, Brooklyn, Kings County, City of New York, New York, 11225, United States",11225,Crown Heights
Clark St,02-Mar,-73.993086,40.697466,"Clark Street (2,3), Clark Street, Brooklyn, Kings County, City of New York, New York, 11201, United States",11201,
Franklin Ave,A-C,-73.956848,40.68137967,"1125, Fulton Street, Brooklyn, Kings County, City of New York, New York, 11238, United States",11238,
Clinton - Washington Aves,A-C,-73.965838,40.683263,"Clinton–Washington Avenues, Fulton Street, Prospect Heights, Brooklyn, Kings County, City of New York, New York, 11207, United States",11207,Prospect Heights
Forest Ave,M,-73.903075,40.704412,"Forest Avenue, Fairview Avenue, Ridgewood, Queens, City of New York, New York, 11385, United States",11385,Ridgewood
110th St,4-6-6 Express,-73.94425,40.79502,"1779, Lexington Avenue, Manhattan Community Board 11, Manhattan, New York County, City of New York, New York, 10029, United States",10029,Manhattan Community Board 11
86th St,4-5-6-6 Express,-73.955589,40.779492,"86th Street, Lexington Avenue, Manhattan Community Board 8, Manhattan, New York County, City of New York, New York, 10035, United States",10035,Manhattan Community Board 8
York St,F,-73.986885,40.69974267,"163, Jay Street, DUMBO, Brooklyn, Kings County, City of New York, New York, 11201, United States",11201,DUMBO
High St,A-C,-73.990531,40.699337,"High Street, Cadman Plaza West, DUMBO, Brooklyn, Kings County, City of New York, New York, 11201, United States",11201,DUMBO
Lafayette Ave,A-C,-73.973946,40.686113,"Fulton Street & South Portland Street, Fulton Street, Brooklyn, Kings County, City of New York, New York, 11207, United States",11207,
President St,02-May,-73.9505892,40.6678836,"President Street-Medgar Evers College, Nostrand Avenue, Brooklyn Community District 17, Brooklyn, Kings County, City of New York, New York, 11235, United States",11235,
Woodlawn,4,-73.878751,40.886037,"Woodlawn, Jerome Avenue, Norwood, Bronx County, The Bronx, City of New York, New York, 10468, United States",10468,Norwood
Bleecker St,4-6-6 Express,-73.994659,40.72591467,"338, Lafayette Street, Manhattan Community Board 2, Manhattan, New York County, City of New York, New York, 10012, United States",10012,Manhattan Community Board 2
103rd St,4-6-6 Express,-73.947478,40.7906,"Lexington Avenue & East 104th Street, Lexington Avenue, Manhattan Community Board 11, Manhattan, New York County, City of New York, New York, 10037, United States",10037,Manhattan Community Board 11
Euclid Ave,A-C-S,-73.872106,40.675377,"Pitkin Avenue & Euclid Avenue, Pitkin Avenue, Brooklyn, Kings County, City of New York, New York, 11208, United States",11208,
88th St,A-S,-73.85147,40.679843,"88th Street, Liberty Avenue, Ozone Park, Queens, City of New York, New York, 11419, United States",11419,Ozone Park
Cortelyou Rd,Q,-73.96379006,40.64094017,"390, East 16th Street, Brooklyn, Kings County, City of New York, New York, 11226, United States",11226,
116th St,4-6-6 Express,-73.941617,40.798629,"116th Street, East 116th Street, Manhattan Community Board 11, Manhattan, New York County, City of New York, New York, 10029, United States",10029,Manhattan Community Board 11
Parkchester,6-6 Express,-73.860816,40.833226,"Parkchester, Hugh J. Grant Circle, Bronx County, The Bronx, City of New York, New York, 10462, United States",10462,Bronx County
Franklin St,01-Feb,-74.006886,40.719318,"6, Varick Street, Manhattan Community Board 1, Manhattan, New York County, City of New York, New York, 10013, United States",10013,Manhattan Community Board 1
80th St,A-S,-73.858992,40.679371,"80th Street, Liberty Avenue, Ozone Park, Queens, City of New York, New York, 11419, United States",11419,Ozone Park
5th Ave - Bryant Pk,7-7 Express,-73.981963,40.753821,"5th Avenue (7), West 42nd Street, Manhattan Community Board 5, Manhattan, New York County, City of New York, New York, 10036, United States",10036,Manhattan Community Board 5
Spring St,4-6-6 Express,-73.997141,40.722301,"Spring Street, Lafayette Street, Manhattan Community Board 2, Manhattan, New York County, City of New York, New York, 10012, United States",10012,Manhattan Community Board 2
125th St,4-5-6-6 Express,-73.937594,40.804138,"125th Street, East 125th Street, East Harlem, Manhattan, New York County, City of New York, New York, 10037, United States",10037,East Harlem
Coney Island - Stillwell Av,D-F-N-Q,-73.981236,40.577281,"Coney Island–Stillwell Avenue, Stillwell Avenue, Brooklyn, Kings County, City of New York, New York, 11224, United States",11224,
34th St - Hudson Yards,7-7 Express,-74.00219709,40.75544636,"34th Street - Hudson Yards (7), West 34th Street, Hudson Yards, Manhattan, New York County, City of New York, New York, 10199, United States",10199,Hudson Yards
72nd St,Q,-73.95836179,40.76880251,"300, East 72nd Street, Lenox Hill, Manhattan, New York County, City of New York, New York, 10021, United States",10021,Lenox Hill
86th St,Q,-73.95177091,40.77786104,"86th Street, 2nd Avenue, Manhattan Community Board 8, Manhattan, New York County, City of New York, New York, 10035, United States",10035,Manhattan Community Board 8
96th St,Q,-73.94706602,40.78423665,"300, East 96th Street, Manhattan Community Board 8, Manhattan, New York County, City of New York, New York, 10128, United States",10128,Manhattan Community Board 8